Run,BlockTime,MergeTime
1,140552,1.49018e+06
2,74740.1,1.38534e+06
3,81186.2,1.40405e+06
